{"cameraMode":{"drawMode":0,"name":"Shaded","section":"Shading Mode"},"sceneLighting":false,"audioPlay":false,"sceneViewState":{"m_AlwaysRefresh":false,"showFog":true,"showSkybox":false,"showFlares":true,"showImageEffects":true,"showParticleSystems":true,"showVisualEffectGraphs":true,"m_FxEnabled":true},"in2DMode":false,"pivot":{"x":-0.8700000047683716,"y":1.2700001001358033,"z":6.200220108032227},"rotation":{"x":-0.011344671249389649,"y":0.926864743232727,"z":-0.028101690113544465,"w":-0.3741814196109772},"size":1.2333968877792359,"orthographic":false}