{"cameraMode":{"drawMode":0,"name":"Shaded","section":"Shading Mode"},"sceneLighting":false,"audioPlay":false,"sceneViewState":{"m_AlwaysRefresh":false,"showFog":true,"showSkybox":false,"showFlares":true,"showImageEffects":true,"showParticleSystems":true,"showVisualEffectGraphs":true,"m_FxEnabled":true},"in2DMode":false,"pivot":{"x":12.778432846069336,"y":2.914177179336548,"z":-1.1475733518600464},"rotation":{"x":-0.015538717620074749,"y":0.9340497851371765,"z":-0.040946315973997119,"w":-0.3544604778289795},"size":1.1785410642623902,"orthographic":false}