{"cameraMode":{"drawMode":0,"name":"Shaded","section":"Shading Mode"},"sceneLighting":false,"audioPlay":false,"sceneViewState":{"m_AlwaysRefresh":false,"showFog":true,"showSkybox":false,"showFlares":true,"showImageEffects":true,"showParticleSystems":true,"showVisualEffectGraphs":true,"m_FxEnabled":true},"in2DMode":false,"pivot":{"x":0.39398694038391116,"y":1.9065238237380982,"z":1.5345046520233155},"rotation":{"x":0.11471453309059143,"y":-0.5271269083023071,"z":0.07207906991243363,"w":0.8389157652854919},"size":2.1582224369049074,"orthographic":false}