{"cameraMode":{"drawMode":0,"name":"Shaded","section":"Shading Mode"},"sceneLighting":false,"audioPlay":false,"sceneViewState":{"showFog":true,"showMaterialUpdate":false,"showSkybox":false,"showFlares":true,"showImageEffects":true,"showParticleSystems":true},"in2DMode":false,"pivot":{"x":-2.3633275032043459,"y":1.2700001001358033,"z":6.038000106811523},"rotation":{"x":-0.008764301426708699,"y":0.9222292304039002,"z":-0.3862171471118927,"w":-0.021093998104333879},"size":1.523169755935669,"orthographic":false}